{
  "name": "frontend",
  "version": "0.1.0",
  "private": true,
  "type": "module",
  "dependencies": {
    "@testing-library/dom": "^10.4.0",
    "@testing-library/react": "^16.3.0",
    "@testing-library/user-event": "^13.5.0",
    "axios": "^1.10.0",
    "react": "^18.1.0",
    "react-dom": "^18.1.0",
    "web-vitals": "^2.1.4",
    "dotenv": "^17.0.0",
    "msw": "^2.10.2"
  },
  "devDependencies": {
    "@babel/core": "^7.27.7",
    "@babel/preset-env": "^7.27.2",
    "@babel/preset-react": "^7.27.1",
    "@vitejs/plugin-react": "^4.6.0",
    "@vitest/ui": "^3.2.4",
    "jsdom": "^26.1.0",
    "vite": "^7.0.0",
    "vitest": "^3.2.4",
    "supertest": "^7.1.1"
  },
  "scripts": {
    "dev": "vite",
    "build": "vite build",
    "preview": "vite preview",
    "test": "vitest --run",
    "test:watch": "vitest watch",
    "test:coverage": "vitest --coverage"
  },
  "eslintConfig": {
    "extends": [
      "react-app"
    ],
    "rules": {
      "react/jsx-filename-extension": [
        1,
        {
          "extensions": [
            ".js",
            ".jsx"
          ]
        }
      ]
    }
  },
  "browserslist": {
    "production": [
      ">0.2%",
      "not dead",
      "not op_mini all"
    ],
    "development": [
      "last 1 chrome version",
      "last 1 firefox version",
      "last 1 safari version"
    ]
  },
  "proxy": "http://127.0.0.1:8000"
}
